ngrama,frequencia
social media,1598
artificial intelligence,961
machine learning,615
big data,568
intelligence ai,401
artificial intelligence ai,390
decision making,369
neural network,331
real time,319
science technology,319
http www,284
http www org,282
www org,282
deep learning,275
ai systems,271
united states,262
data driven,261
state art,244
real world,219
media platforms,211
neural networks,210
digital media,204
examines how,203
large scale,198
social media platforms,191
recent years,186
generative ai,174
explore how,156
examine how,152
mml http,151
